country,co2_2007
Afghanistan,2937.8834207797813
Albania,4217.55105614
Algeria,105838.12850284
American Samoa,18.36844005
Angola,17405.004733667003
Anguilla,12.353917530799999
Argentina,175532.7787316
Armenia,5336.288771
Aruba,282.1518872644
Australia,425956.58876889996
Austria,75961.44988220998
Azerbaijan,28034.457800260006
